{
    "clip_1": {
        "start_time": 8.007959114139693,
        "end_time": 8.17479159568427,
        "clip_boxes": [
            [
                797,
                274,
                69,
                85
            ],
            [
                797,
                274,
                72,
                95
            ],
            [
                803,
                282,
                69,
                91
            ],
            [
                805,
                286,
                69,
                92
            ],
            [
                805,
                290,
                71,
                96
            ]
        ],
        "clip_fname": "results/clip_1.mp4"
    },
    "clip_2": {
        "start_time": 16.516415672913116,
        "end_time": 16.516415672913116,
        "clip_boxes": [
            [
                536,
                339,
                46,
                63
            ]
        ],
        "clip_fname": "results/clip_2.mp4"
    },
    "clip_3": {
        "start_time": 21.146017035775127,
        "end_time": 21.146017035775127,
        "clip_boxes": [
            [
                351,
                241,
                55,
                73
            ]
        ],
        "clip_fname": "results/clip_3.mp4"
    },
    "clip_4": {
        "start_time": 50.38340942646224,
        "end_time": 50.59195002839296,
        "clip_boxes": [
            [
                106,
                356,
                74,
                111
            ],
            [
                104,
                352,
                75,
                116
            ],
            [
                100,
                351,
                79,
                117
            ],
            [
                101,
                351,
                79,
                118
            ],
            [
                91,
                344,
                84,
                124
            ],
            [
                90,
                339,
                91,
                129
            ]
        ],
        "clip_fname": "results/clip_4.mp4"
    },
    "clip_5": {
        "start_time": 57.01500056785917,
        "end_time": 57.22354116978989,
        "clip_boxes": [
            [
                448,
                328,
                61,
                96
            ],
            [
                441,
                331,
                63,
                99
            ],
            [
                441,
                337,
                59,
                92
            ],
            [
                435,
                336,
                60,
                96
            ],
            [
                433,
                338,
                61,
                97
            ],
            [
                430,
                351,
                62,
                85
            ]
        ],
        "clip_fname": "results/clip_5.mp4"
    },
    "clip_6": {
        "start_time": 57.47378989210676,
        "end_time": 57.5154980124929,
        "clip_boxes": [
            [
                401,
                355,
                70,
                104
            ],
            [
                400,
                353,
                66,
                108
            ]
        ],
        "clip_fname": "results/clip_6.mp4"
    },
    "clip_7": {
        "start_time": 57.59891425326519,
        "end_time": 57.72403861442362,
        "clip_boxes": [
            [
                395,
                360,
                66,
                102
            ],
            [
                387,
                369,
                66,
                94
            ],
            [
                377,
                363,
                71,
                102
            ],
            [
                369,
                358,
                75,
                102
            ]
        ],
        "clip_fname": "results/clip_7.mp4"
    },
    "clip_8": {
        "start_time": 57.807454855195914,
        "end_time": 58.015995457126635,
        "clip_boxes": [
            [
                367,
                359,
                80,
                98
            ],
            [
                370,
                358,
                83,
                100
            ],
            [
                377,
                362,
                76,
                90
            ],
            [
                379,
                367,
                74,
                87
            ],
            [
                379,
                371,
                73,
                86
            ],
            [
                378,
                372,
                75,
                87
            ]
        ],
        "clip_fname": "results/clip_8.mp4"
    },
    "clip_9": {
        "start_time": 58.09941169789892,
        "end_time": 58.09941169789892,
        "clip_boxes": [
            [
                373,
                376,
                76,
                90
            ]
        ],
        "clip_fname": "results/clip_9.mp4"
    }
}